{"cameraMode":{"drawMode":0,"name":"Shaded","section":"Shading Mode"},"sceneLighting":false,"audioPlay":false,"sceneViewState":{"showFog":true,"showMaterialUpdate":false,"showSkybox":false,"showFlares":true,"showImageEffects":true,"showParticleSystems":true},"in2DMode":false,"pivot":{"x":6.757796764373779,"y":3.974100112915039,"z":5.98919153213501},"rotation":{"x":-0.10145724564790726,"y":0.26007258892059328,"z":-0.02748967707157135,"w":-0.9598531723022461},"size":1.0589948892593384,"orthographic":false}