{"cameraMode":{"drawMode":0,"name":"Shaded","section":"Shading Mode"},"sceneLighting":true,"audioPlay":false,"sceneViewState":{"showFog":false,"showMaterialUpdate":false,"showSkybox":false,"showFlares":false,"showImageEffects":false,"showParticleSystems":false},"in2DMode":false,"pivot":{"x":1.5,"y":0.6873300075531006,"z":4.934228897094727},"rotation":{"x":-0.26544544100761416,"y":-0.0312338937073946,"z":0.008604571223258973,"w":-0.9635848999023438},"size":1.7538739442825318,"orthographic":false}