{"cameraMode":{"drawMode":0,"name":"Shaded","section":"Shading Mode"},"sceneLighting":false,"audioPlay":false,"sceneViewState":{"showFog":false,"showMaterialUpdate":false,"showSkybox":false,"showFlares":false,"showImageEffects":false,"showParticleSystems":false},"in2DMode":false,"pivot":{"x":0.47926566004753115,"y":0.9996589422225952,"z":0.5077803134918213},"rotation":{"x":-0.15425899624824525,"y":-0.6969146132469177,"z":0.15753473341464997,"w":-0.6824245452880859},"size":2.0089478492736818,"orthographic":false}